county,date,year,month,confirmed_cases,rainfall_mm,temp_mean_c,humidity_pct
Nairobi,2015-01,2015,1,23,37.7,23.6,63.5
Nairobi,2015-02,2015,2,17,59.9,23.4,62.0
Nairobi,2015-03,2015,3,70,242.7,22.7,84.9
Nairobi,2015-04,2015,4,42,273.0,20.6,82.7
Nairobi,2015-05,2015,5,34,346.5,20.7,92.9
Nairobi,2015-06,2015,6,22,50.9,17.5,53.7
Nairobi,2015-07,2015,7,14,58.8,17.9,59.3
Nairobi,2015-08,2015,8,20,40.9,16.7,57.1
Nairobi,2015-09,2015,9,25,47.3,20.9,54.1
Nairobi,2015-10,2015,10,44,142.1,19.6,74.2
Nairobi,2015-11,2015,11,35,196.7,21.4,78.9
Nairobi,2015-12,2015,12,41,209.5,21.2,74.5
Nairobi,2016-01,2016,1,27,27.8,22.7,54.4
Nairobi,2016-02,2016,2,27,13.0,22.5,61.3
Nairobi,2016-03,2016,3,56,195.2,23.7,85.1
Nairobi,2016-04,2016,4,69,163.1,21.7,77.6
Nairobi,2016-05,2016,5,55,261.3,20.8,90.9
Nairobi,2016-06,2016,6,17,15.0,17.9,66.5
Nairobi,2016-07,2016,7,28,28.8,16.8,63.6
Nairobi,2016-08,2016,8,17,34.1,17.4,55.1
Nairobi,2016-09,2016,9,13,45.4,20.8,64.3
Nairobi,2016-10,2016,10,49,212.6,20.7,70.1
Nairobi,2016-11,2016,11,31,195.5,21.4,85.4
Nairobi,2016-12,2016,12,46,208.2,19.7,87.7
Nairobi,2017-01,2017,1,26,41.4,22.8,64.6
Nairobi,2017-02,2017,2,25,54.5,22.9,66.8
Nairobi,2017-03,2017,3,53,322.5,22.6,76.0
Nairobi,2017-04,2017,4,49,339.3,20.3,91.8
Nairobi,2017-05,2017,5,49,264.0,20.2,79.3
Nairobi,2017-06,2017,6,27,13.4,17.0,68.3
Nairobi,2017-07,2017,7,13,37.2,17.0,53.1
Nairobi,2017-08,2017,8,18,58.1,16.9,67.1
Nairobi,2017-09,2017,9,22,41.1,20.5,57.4
Nairobi,2017-10,2017,10,31,216.7,20.6,79.0
Nairobi,2017-11,2017,11,49,237.5,20.1,82.3
Nairobi,2017-12,2017,12,47,229.9,19.3,72.2
Nairobi,2018-01,2018,1,26,52.9,22.1,58.5
Nairobi,2018-02,2018,2,18,17.5,23.9,67.5
Nairobi,2018-03,2018,3,71,168.8,22.0,75.9
Nairobi,2018-04,2018,4,55,226.4,20.0,89.4
Nairobi,2018-05,2018,5,71,287.0,19.2,87.9
Nairobi,2018-06,2018,6,17,21.4,16.9,51.6
Nairobi,2018-07,2018,7,19,40.8,16.9,53.0
Nairobi,2018-08,2018,8,22,48.2,16.7,53.8
Nairobi,2018-09,2018,9,20,36.1,21.1,69.5
Nairobi,2018-10,2018,10,57,220.8,19.3,81.2
Nairobi,2018-11,2018,11,47,112.8,21.6,73.8
Nairobi,2018-12,2018,12,41,156.8,21.3,77.6
Nairobi,2019-01,2019,1,23,55.5,23.3,58.7
Nairobi,2019-02,2019,2,24,51.1,23.6,60.6
Nairobi,2019-03,2019,3,44,307.6,22.9,93.2
Nairobi,2019-04,2019,4,74,171.1,20.4,92.8
Nairobi,2019-05,2019,5,47,321.5,21.9,89.5
Nairobi,2019-06,2019,6,19,41.7,17.1,51.1
Nairobi,2019-07,2019,7,20,34.5,16.3,50.7
Nairobi,2019-08,2019,8,27,35.8,17.9,65.6
Nairobi,2019-09,2019,9,20,16.5,20.0,55.0
Nairobi,2019-10,2019,10,34,219.0,19.7,74.1
Nairobi,2019-11,2019,11,52,147.6,19.3,70.2
Nairobi,2019-12,2019,12,26,208.0,20.9,71.3
Nairobi,2020-01,2020,1,28,14.5,23.3,56.6
Nairobi,2020-02,2020,2,24,32.3,23.9,62.9
Nairobi,2020-03,2020,3,60,284.6,22.5,88.1
Nairobi,2020-04,2020,4,65,296.8,19.3,89.0
Nairobi,2020-05,2020,5,72,166.7,21.2,94.5
Nairobi,2020-06,2020,6,28,39.5,17.3,63.7
Nairobi,2020-07,2020,7,24,14.8,17.2,53.6
Nairobi,2020-08,2020,8,32,51.6,17.9,58.2
Nairobi,2020-09,2020,9,25,56.7,19.0,59.7
Nairobi,2020-10,2020,10,56,101.0,21.4,71.9
Nairobi,2020-11,2020,11,61,162.3,21.5,76.1
Nairobi,2020-12,2020,12,48,113.2,19.1,71.6
Nairobi,2021-01,2021,1,20,30.0,23.0,69.8
Nairobi,2021-02,2021,2,21,27.5,22.5,56.3
Nairobi,2021-03,2021,3,50,281.2,22.2,78.3
Nairobi,2021-04,2021,4,66,249.5,19.0,86.2
Nairobi,2021-05,2021,5,60,323.8,19.9,85.1
Nairobi,2021-06,2021,6,27,13.8,17.6,63.2
Nairobi,2021-07,2021,7,26,42.2,17.4,69.3
Nairobi,2021-08,2021,8,27,45.1,16.5,53.2
Nairobi,2021-09,2021,9,21,44.0,21.9,57.0
Nairobi,2021-10,2021,10,33,199.5,20.4,83.6
Nairobi,2021-11,2021,11,50,127.3,19.6,70.3
Nairobi,2021-12,2021,12,45,228.0,20.1,85.8
Nairobi,2022-01,2022,1,25,21.5,22.5,58.3
Nairobi,2022-02,2022,2,13,10.7,23.3,69.3
Nairobi,2022-03,2022,3,50,158.5,22.8,92.9
Nairobi,2022-04,2022,4,54,193.6,21.7,75.9
Nairobi,2022-05,2022,5,60,343.5,19.5,85.2
Nairobi,2022-06,2022,6,21,18.8,17.9,51.8
Nairobi,2022-07,2022,7,19,53.1,16.1,53.4
Nairobi,2022-08,2022,8,31,32.4,17.6,65.9
Nairobi,2022-09,2022,9,25,48.2,19.1,56.3
Nairobi,2022-10,2022,10,68,158.8,21.7,72.2
Nairobi,2022-11,2022,11,60,176.7,21.9,71.6
Nairobi,2022-12,2022,12,45,173.0,19.5,85.1
Nairobi,2023-01,2023,1,30,28.7,23.2,51.2
Nairobi,2023-02,2023,2,26,11.5,23.5,67.8
Nairobi,2023-03,2023,3,61,301.6,22.4,78.1
Nairobi,2023-04,2023,4,60,205.9,19.7,92.9
Nairobi,2023-05,2023,5,79,226.8,19.6,76.7
Nairobi,2023-06,2023,6,28,14.9,17.2,59.5
Nairobi,2023-07,2023,7,22,31.2,17.6,57.9
Nairobi,2023-08,2023,8,23,34.4,17.2,66.0
Nairobi,2023-09,2023,9,28,36.9,21.7,69.2
Nairobi,2023-10,2023,10,56,178.9,20.8,70.3
Nairobi,2023-11,2023,11,64,200.4,19.2,73.9
Nairobi,2023-12,2023,12,51,174.7,19.7,84.0
Nairobi,2024-01,2024,1,30,21.7,23.0,58.7
Nairobi,2024-02,2024,2,26,39.3,23.0,60.5
Nairobi,2024-03,2024,3,61,210.6,22.6,91.6
Nairobi,2024-04,2024,4,67,218.5,21.6,89.1
Nairobi,2024-05,2024,5,73,256.9,21.9,83.2
Nairobi,2024-06,2024,6,18,15.1,16.1,56.8
Nairobi,2024-07,2024,7,20,43.7,17.6,58.4
Nairobi,2024-08,2024,8,32,36.5,16.2,66.1
Nairobi,2024-09,2024,9,24,49.7,19.9,60.3
Nairobi,2024-10,2024,10,51,222.4,21.9,82.0
Nairobi,2024-11,2024,11,61,100.7,20.7,83.7
Nairobi,2024-12,2024,12,66,130.0,19.9,73.0
Mombasa,2015-01,2015,1,89,26.1,30.4,55.5
Mombasa,2015-02,2015,2,105,25.6,31.0,64.5
Mombasa,2015-03,2015,3,190,250.7,30.3,78.3
Mombasa,2015-04,2015,4,163,227.6,27.6,79.8
Mombasa,2015-05,2015,5,169,318.8,28.0,79.5
Mombasa,2015-06,2015,6,79,42.4,24.2,59.3
Mombasa,2015-07,2015,7,104,34.1,24.4,59.7
Mombasa,2015-08,2015,8,89,36.4,25.3,62.4
Mombasa,2015-09,2015,9,71,49.5,28.6,64.6
Mombasa,2015-10,2015,10,186,113.1,29.5,74.6
Mombasa,2015-11,2015,11,211,223.3,28.0,75.2
Mombasa,2015-12,2015,12,245,217.3,28.7,79.5
Mombasa,2016-01,2016,1,118,35.1,31.3,57.9
Mombasa,2016-02,2016,2,74,35.6,31.4,55.6
Mombasa,2016-03,2016,3,178,177.8,31.4,82.1
Mombasa,2016-04,2016,4,273,344.4,27.6,80.9
Mombasa,2016-05,2016,5,207,202.1,28.7,80.7
Mombasa,2016-06,2016,6,100,43.1,24.8,53.7
Mombasa,2016-07,2016,7,61,35.8,25.2,58.0
Mombasa,2016-08,2016,8,78,11.6,24.8,51.2
Mombasa,2016-09,2016,9,80,33.3,29.7,54.3
Mombasa,2016-10,2016,10,213,172.0,28.3,83.4
Mombasa,2016-11,2016,11,237,205.6,29.5,76.5
Mombasa,2016-12,2016,12,191,169.2,29.6,78.8
Mombasa,2017-01,2017,1,73,26.9,31.4,67.7
Mombasa,2017-02,2017,2,83,23.4,31.8,54.7
Mombasa,2017-03,2017,3,179,310.2,31.5,87.9
Mombasa,2017-04,2017,4,174,255.2,28.8,83.2
Mombasa,2017-05,2017,5,178,278.5,29.1,86.6
Mombasa,2017-06,2017,6,62,24.1,24.3,55.2
Mombasa,2017-07,2017,7,70,58.5,24.1,52.3
Mombasa,2017-08,2017,8,86,50.0,24.7,66.8
Mombasa,2017-09,2017,9,105,32.5,27.7,69.8
Mombasa,2017-10,2017,10,238,188.9,28.9,80.2
Mombasa,2017-11,2017,11,179,135.8,27.9,74.6
Mombasa,2017-12,2017,12,234,214.4,27.7,87.3
Mombasa,2018-01,2018,1,97,52.1,31.3,51.6
Mombasa,2018-02,2018,2,92,58.6,31.6,50.1
Mombasa,2018-03,2018,3,189,268.2,31.5,78.5
Mombasa,2018-04,2018,4,221,230.0,29.5,82.4
Mombasa,2018-05,2018,5,258,324.1,28.6,88.1
Mombasa,2018-06,2018,6,86,32.3,24.4,66.6
Mombasa,2018-07,2018,7,108,18.7,24.7,68.9
Mombasa,2018-08,2018,8,93,47.7,24.9,53.6
Mombasa,2018-09,2018,9,47,11.0,29.8,61.3
Mombasa,2018-10,2018,10,173,164.1,28.3,79.7
Mombasa,2018-11,2018,11,198,103.0,29.5,86.9
Mombasa,2018-12,2018,12,205,229.6,29.3,89.6
Mombasa,2019-01,2019,1,107,55.8,31.6,57.7
Mombasa,2019-02,2019,2,91,55.8,30.4,69.4
Mombasa,2019-03,2019,3,295,169.0,32.0,76.1
Mombasa,2019-04,2019,4,302,152.4,28.4,89.9
Mombasa,2019-05,2019,5,276,176.5,29.0,75.4
Mombasa,2019-06,2019,6,77,25.5,25.4,65.8
Mombasa,2019-07,2019,7,94,33.5,24.7,67.4
Mombasa,2019-08,2019,8,94,21.4,24.5,63.2
Mombasa,2019-09,2019,9,76,11.1,27.4,62.9
Mombasa,2019-10,2019,10,174,100.2,27.8,81.3
Mombasa,2019-11,2019,11,174,160.9,27.1,90.0
Mombasa,2019-12,2019,12,160,127.7,28.4,70.0
Mombasa,2020-01,2020,1,98,53.6,31.9,69.9
Mombasa,2020-02,2020,2,105,17.1,30.9,52.1
Mombasa,2020-03,2020,3,251,166.7,30.5,88.1
Mombasa,2020-04,2020,4,160,341.6,28.0,85.2
Mombasa,2020-05,2020,5,224,167.0,27.9,83.8
Mombasa,2020-06,2020,6,56,18.5,24.7,64.9
Mombasa,2020-07,2020,7,121,50.2,25.0,59.8
Mombasa,2020-08,2020,8,112,19.0,25.4,51.8
Mombasa,2020-09,2020,9,63,49.8,27.8,66.3
Mombasa,2020-10,2020,10,279,142.6,29.3,71.6
Mombasa,2020-11,2020,11,169,198.3,28.2,71.8
Mombasa,2020-12,2020,12,138,199.1,28.0,71.3
Mombasa,2021-01,2021,1,59,34.9,31.8,59.3
Mombasa,2021-02,2021,2,101,53.8,31.1,69.3
Mombasa,2021-03,2021,3,251,205.3,31.8,77.7
Mombasa,2021-04,2021,4,288,162.4,29.0,78.0
Mombasa,2021-05,2021,5,231,304.1,29.4,87.1
Mombasa,2021-06,2021,6,68,59.9,24.6,56.2
Mombasa,2021-07,2021,7,85,28.7,25.3,66.5
Mombasa,2021-08,2021,8,109,15.7,24.1,63.4
Mombasa,2021-09,2021,9,104,30.8,29.5,67.7
Mombasa,2021-10,2021,10,257,126.9,27.6,72.4
Mombasa,2021-11,2021,11,169,126.2,28.6,83.3
Mombasa,2021-12,2021,12,149,164.0,27.2,86.4
Mombasa,2022-01,2022,1,60,28.0,30.8,60.3
Mombasa,2022-02,2022,2,101,22.5,31.5,59.4
Mombasa,2022-03,2022,3,282,186.8,30.6,82.1
Mombasa,2022-04,2022,4,204,275.0,29.2,83.9
Mombasa,2022-05,2022,5,275,301.1,28.5,76.0
Mombasa,2022-06,2022,6,61,33.5,25.7,69.3
Mombasa,2022-07,2022,7,106,34.2,24.6,53.8
Mombasa,2022-08,2022,8,67,34.3,25.0,58.4
Mombasa,2022-09,2022,9,92,40.0,29.8,52.0
Mombasa,2022-10,2022,10,149,184.7,29.3,86.2
Mombasa,2022-11,2022,11,218,127.5,27.9,75.6
Mombasa,2022-12,2022,12,240,245.4,28.5,76.6
Mombasa,2023-01,2023,1,108,19.6,30.8,68.3
Mombasa,2023-02,2023,2,88,40.5,31.3,58.1
Mombasa,2023-03,2023,3,214,322.4,31.1,94.2
Mombasa,2023-04,2023,4,349,313.0,27.9,89.8
Mombasa,2023-05,2023,5,295,257.4,29.5,93.7
Mombasa,2023-06,2023,6,113,44.3,25.2,66.6
Mombasa,2023-07,2023,7,92,46.1,24.0,54.9
Mombasa,2023-08,2023,8,81,51.2,24.1,50.9
Mombasa,2023-09,2023,9,104,15.1,29.9,52.2
Mombasa,2023-10,2023,10,257,163.1,28.6,74.9
Mombasa,2023-11,2023,11,268,146.8,29.7,70.3
Mombasa,2023-12,2023,12,243,166.8,28.4,86.6
Mombasa,2024-01,2024,1,89,11.4,31.4,62.9
Mombasa,2024-02,2024,2,38,57.4,31.8,52.2
Mombasa,2024-03,2024,3,299,216.0,31.8,87.5
Mombasa,2024-04,2024,4,378,305.8,28.4,94.5
Mombasa,2024-05,2024,5,319,202.4,28.1,89.4
Mombasa,2024-06,2024,6,131,34.5,24.7,62.4
Mombasa,2024-07,2024,7,73,37.0,24.1,65.5
Mombasa,2024-08,2024,8,92,34.4,24.6,60.9
Mombasa,2024-09,2024,9,133,12.8,27.2,50.9
Mombasa,2024-10,2024,10,238,223.7,28.1,89.0
Mombasa,2024-11,2024,11,190,222.1,28.6,71.0
Mombasa,2024-12,2024,12,203,145.3,28.1,72.4
Kisumu,2015-01,2015,1,160,23.9,27.0,58.6
Kisumu,2015-02,2015,2,129,56.4,26.1,52.5
Kisumu,2015-03,2015,3,391,210.3,27.1,80.0
Kisumu,2015-04,2015,4,354,281.6,24.9,85.6
Kisumu,2015-05,2015,5,402,151.9,23.3,93.3
Kisumu,2015-06,2015,6,143,53.4,21.4,60.8
Kisumu,2015-07,2015,7,160,49.1,21.8,56.6
Kisumu,2015-08,2015,8,125,30.5,21.0,62.1
Kisumu,2015-09,2015,9,122,53.3,26.0,51.4
Kisumu,2015-10,2015,10,293,136.7,24.9,85.8
Kisumu,2015-11,2015,11,327,212.5,24.1,82.4
Kisumu,2015-12,2015,12,261,215.3,25.4,70.5
Kisumu,2016-01,2016,1,186,26.0,26.3,64.1
Kisumu,2016-02,2016,2,148,31.7,27.9,65.3
Kisumu,2016-03,2016,3,308,171.6,27.2,76.1
Kisumu,2016-04,2016,4,342,330.2,25.0,90.2
Kisumu,2016-05,2016,5,438,182.5,25.4,83.0
Kisumu,2016-06,2016,6,203,58.6,21.0,68.2
Kisumu,2016-07,2016,7,154,23.8,21.9,50.9
Kisumu,2016-08,2016,8,123,30.8,22.0,66.8
Kisumu,2016-09,2016,9,133,31.9,23.5,63.7
Kisumu,2016-10,2016,10,315,231.9,24.6,85.8
Kisumu,2016-11,2016,11,281,148.7,25.3,71.8
Kisumu,2016-12,2016,12,320,137.0,23.5,76.5
Kisumu,2017-01,2017,1,129,24.7,26.0,65.9
Kisumu,2017-02,2017,2,200,13.2,26.6,60.3
Kisumu,2017-03,2017,3,318,286.1,26.8,88.7
Kisumu,2017-04,2017,4,329,306.9,25.6,92.5
Kisumu,2017-05,2017,5,342,288.2,23.4,88.0
Kisumu,2017-06,2017,6,130,27.2,20.5,66.9
Kisumu,2017-07,2017,7,115,24.5,20.2,56.0
Kisumu,2017-08,2017,8,138,26.7,20.2,68.4
Kisumu,2017-09,2017,9,121,17.1,23.9,56.0
Kisumu,2017-10,2017,10,338,164.6,25.8,83.7
Kisumu,2017-11,2017,11,296,170.4,24.6,89.6
Kisumu,2017-12,2017,12,301,218.9,25.0,89.2
Kisumu,2018-01,2018,1,115,31.6,26.5,65.7
Kisumu,2018-02,2018,2,109,45.5,27.5,63.4
Kisumu,2018-03,2018,3,456,290.1,27.2,79.3
Kisumu,2018-04,2018,4,468,214.9,23.9,75.9
Kisumu,2018-05,2018,5,364,330.3,23.9,88.2
Kisumu,2018-06,2018,6,147,26.3,20.9,57.4
Kisumu,2018-07,2018,7,168,25.9,20.4,60.6
Kisumu,2018-08,2018,8,141,45.1,21.6,59.6
Kisumu,2018-09,2018,9,130,41.8,23.1,53.9
Kisumu,2018-10,2018,10,249,154.8,23.0,82.8
Kisumu,2018-11,2018,11,257,102.2,23.8,82.2
Kisumu,2018-12,2018,12,380,165.8,23.8,79.4
Kisumu,2019-01,2019,1,96,33.8,27.1,61.6
Kisumu,2019-02,2019,2,139,21.8,27.4,50.1
Kisumu,2019-03,2019,3,390,347.1,28.0,77.4
Kisumu,2019-04,2019,4,178,166.1,23.7,76.6
Kisumu,2019-05,2019,5,426,268.0,24.3,87.0
Kisumu,2019-06,2019,6,212,47.5,20.9,57.5
Kisumu,2019-07,2019,7,126,10.7,21.9,62.2
Kisumu,2019-08,2019,8,174,12.0,21.1,60.7
Kisumu,2019-09,2019,9,143,37.1,24.5,51.9
Kisumu,2019-10,2019,10,264,186.4,24.7,77.4
Kisumu,2019-11,2019,11,261,120.8,24.9,70.2
Kisumu,2019-12,2019,12,284,177.3,24.6,72.2
Kisumu,2020-01,2020,1,191,42.2,27.6,64.6
Kisumu,2020-02,2020,2,118,49.0,27.6,68.4
Kisumu,2020-03,2020,3,342,229.6,28.0,88.2
Kisumu,2020-04,2020,4,329,196.0,25.1,82.7
Kisumu,2020-05,2020,5,368,301.6,23.1,75.1
Kisumu,2020-06,2020,6,176,11.6,21.5,55.7
Kisumu,2020-07,2020,7,198,17.8,20.8,60.9
Kisumu,2020-08,2020,8,151,56.6,20.5,59.9
Kisumu,2020-09,2020,9,141,58.4,24.6,55.8
Kisumu,2020-10,2020,10,259,128.2,23.3,70.3
Kisumu,2020-11,2020,11,346,244.3,23.8,78.8
Kisumu,2020-12,2020,12,226,161.2,23.4,88.9
Kisumu,2021-01,2021,1,68,20.0,26.9,50.0
Kisumu,2021-02,2021,2,184,12.3,26.3,60.1
Kisumu,2021-03,2021,3,359,258.7,27.2,82.8
Kisumu,2021-04,2021,4,397,187.0,23.4,92.9
Kisumu,2021-05,2021,5,420,305.4,24.0,83.3
Kisumu,2021-06,2021,6,156,43.4,20.3,50.7
Kisumu,2021-07,2021,7,131,27.3,20.4,65.3
Kisumu,2021-08,2021,8,153,29.2,20.3,59.3
Kisumu,2021-09,2021,9,166,35.9,23.5,68.6
Kisumu,2021-10,2021,10,330,117.9,25.9,85.6
Kisumu,2021-11,2021,11,402,171.2,25.2,84.0
Kisumu,2021-12,2021,12,244,103.3,24.1,86.0
Kisumu,2022-01,2022,1,171,27.0,27.8,66.3
Kisumu,2022-02,2022,2,157,42.9,27.7,52.7
Kisumu,2022-03,2022,3,303,288.7,26.1,83.3
Kisumu,2022-04,2022,4,455,277.7,25.5,92.6
Kisumu,2022-05,2022,5,360,232.8,24.7,88.4
Kisumu,2022-06,2022,6,191,41.2,20.9,57.8
Kisumu,2022-07,2022,7,142,44.1,20.2,54.8
Kisumu,2022-08,2022,8,176,18.6,21.9,55.2
Kisumu,2022-09,2022,9,151,15.0,25.9,53.5
Kisumu,2022-10,2022,10,264,109.2,23.5,75.0
Kisumu,2022-11,2022,11,233,117.9,25.7,70.9
Kisumu,2022-12,2022,12,328,215.4,24.5,88.6
Kisumu,2023-01,2023,1,114,50.1,26.2,68.9
Kisumu,2023-02,2023,2,140,11.1,27.7,61.5
Kisumu,2023-03,2023,3,480,301.6,26.2,87.0
Kisumu,2023-04,2023,4,424,157.8,23.5,84.7
Kisumu,2023-05,2023,5,470,337.3,25.0,91.0
Kisumu,2023-06,2023,6,163,57.1,20.9,60.6
Kisumu,2023-07,2023,7,179,11.8,20.4,57.9
Kisumu,2023-08,2023,8,163,49.6,20.9,68.6
Kisumu,2023-09,2023,9,191,36.4,25.7,51.1
Kisumu,2023-10,2023,10,248,188.6,24.1,76.5
Kisumu,2023-11,2023,11,435,205.2,25.0,73.3
Kisumu,2023-12,2023,12,327,218.5,25.7,73.0
Kisumu,2024-01,2024,1,179,54.1,27.5,52.8
Kisumu,2024-02,2024,2,163,31.7,27.1,65.9
Kisumu,2024-03,2024,3,298,211.5,27.8,90.5
Kisumu,2024-04,2024,4,376,157.5,25.9,82.5
Kisumu,2024-05,2024,5,386,236.8,24.5,89.9
Kisumu,2024-06,2024,6,107,28.7,21.9,67.6
Kisumu,2024-07,2024,7,166,57.8,21.7,58.0
Kisumu,2024-08,2024,8,169,17.6,21.9,61.4
Kisumu,2024-09,2024,9,162,47.6,23.6,68.3
Kisumu,2024-10,2024,10,439,203.3,25.1,76.1
Kisumu,2024-11,2024,11,538,188.0,25.0,87.3
Kisumu,2024-12,2024,12,331,220.5,23.6,79.8
Kiambu,2015-01,2015,1,27,37.3,22.9,51.9
Kiambu,2015-02,2015,2,51,13.7,23.5,51.0
Kiambu,2015-03,2015,3,64,165.8,23.0,75.5
Kiambu,2015-04,2015,4,61,340.4,21.2,88.2
Kiambu,2015-05,2015,5,58,216.6,20.4,91.2
Kiambu,2015-06,2015,6,35,56.9,17.0,59.3
Kiambu,2015-07,2015,7,39,45.3,16.0,64.8
Kiambu,2015-08,2015,8,33,52.3,17.4,64.1
Kiambu,2015-09,2015,9,29,27.3,20.6,55.7
Kiambu,2015-10,2015,10,54,125.3,20.5,71.1
Kiambu,2015-11,2015,11,54,138.0,20.6,83.4
Kiambu,2015-12,2015,12,53,191.1,20.1,88.0
Kiambu,2016-01,2016,1,34,13.0,23.2,68.8
Kiambu,2016-02,2016,2,30,27.8,22.1,52.6
Kiambu,2016-03,2016,3,82,240.6,23.7,80.1
Kiambu,2016-04,2016,4,95,181.4,19.2,81.4
Kiambu,2016-05,2016,5,74,241.4,21.7,75.2
Kiambu,2016-06,2016,6,43,39.3,16.1,51.2
Kiambu,2016-07,2016,7,39,49.8,17.9,65.3
Kiambu,2016-08,2016,8,32,35.5,17.2,59.7
Kiambu,2016-09,2016,9,43,55.9,19.7,62.8
Kiambu,2016-10,2016,10,38,169.3,19.7,81.0
Kiambu,2016-11,2016,11,63,102.2,21.5,89.7
Kiambu,2016-12,2016,12,60,238.5,21.6,71.0
Kiambu,2017-01,2017,1,29,39.7,23.3,69.6
Kiambu,2017-02,2017,2,39,11.1,23.4,52.4
Kiambu,2017-03,2017,3,83,259.2,23.2,91.5
Kiambu,2017-04,2017,4,86,317.1,20.0,75.2
Kiambu,2017-05,2017,5,90,231.6,21.1,84.1
Kiambu,2017-06,2017,6,31,42.1,16.6,61.4
Kiambu,2017-07,2017,7,38,12.9,17.3,58.7
Kiambu,2017-08,2017,8,42,55.3,17.2,54.3
Kiambu,2017-09,2017,9,31,33.5,20.0,63.9
Kiambu,2017-10,2017,10,80,226.2,19.2,80.5
Kiambu,2017-11,2017,11,71,226.3,20.7,82.6
Kiambu,2017-12,2017,12,65,174.3,20.9,79.9
Kiambu,2018-01,2018,1,35,49.8,22.5,59.6
Kiambu,2018-02,2018,2,44,41.8,22.8,63.3
Kiambu,2018-03,2018,3,75,196.8,22.1,78.3
Kiambu,2018-04,2018,4,58,194.3,20.6,86.6
Kiambu,2018-05,2018,5,80,254.5,20.1,94.5
Kiambu,2018-06,2018,6,43,21.0,17.8,60.5
Kiambu,2018-07,2018,7,35,38.9,16.6,58.6
Kiambu,2018-08,2018,8,31,45.4,16.5,62.8
Kiambu,2018-09,2018,9,30,24.1,19.9,55.0
Kiambu,2018-10,2018,10,94,179.6,19.9,84.8
Kiambu,2018-11,2018,11,76,119.2,19.9,71.4
Kiambu,2018-12,2018,12,77,184.5,21.8,79.9
Kiambu,2019-01,2019,1,25,17.1,23.4,64.7
Kiambu,2019-02,2019,2,33,25.6,23.9,64.7
Kiambu,2019-03,2019,3,101,194.8,22.7,85.9
Kiambu,2019-04,2019,4,104,280.4,21.5,76.2
Kiambu,2019-05,2019,5,86,228.2,20.3,89.4
Kiambu,2019-06,2019,6,32,49.0,16.4,63.0
Kiambu,2019-07,2019,7,27,54.2,17.3,61.1
Kiambu,2019-08,2019,8,37,48.9,17.1,54.9
Kiambu,2019-09,2019,9,45,29.6,21.7,68.3
Kiambu,2019-10,2019,10,58,113.0,21.6,85.8
Kiambu,2019-11,2019,11,90,168.6,19.4,79.2
Kiambu,2019-12,2019,12,82,130.1,20.1,72.4
Kiambu,2020-01,2020,1,41,16.2,23.7,52.3
Kiambu,2020-02,2020,2,31,56.2,22.7,64.7
Kiambu,2020-03,2020,3,107,219.2,22.7,93.6
Kiambu,2020-04,2020,4,75,231.7,19.7,84.6
Kiambu,2020-05,2020,5,79,215.1,21.9,82.5
Kiambu,2020-06,2020,6,42,46.7,16.6,52.4
Kiambu,2020-07,2020,7,36,43.2,17.6,68.3
Kiambu,2020-08,2020,8,47,24.1,16.8,69.6
Kiambu,2020-09,2020,9,37,51.8,21.6,64.0
Kiambu,2020-10,2020,10,64,131.3,21.3,78.2
Kiambu,2020-11,2020,11,53,188.7,20.4,85.7
Kiambu,2020-12,2020,12,71,160.5,21.9,78.8
Kiambu,2021-01,2021,1,40,10.5,22.4,55.2
Kiambu,2021-02,2021,2,30,35.3,24.0,50.4
Kiambu,2021-03,2021,3,104,210.1,22.5,78.0
Kiambu,2021-04,2021,4,118,184.1,21.1,94.1
Kiambu,2021-05,2021,5,80,316.8,21.1,90.0
Kiambu,2021-06,2021,6,42,16.3,17.2,63.3
Kiambu,2021-07,2021,7,36,57.4,16.6,58.7
Kiambu,2021-08,2021,8,38,20.7,17.9,68.9
Kiambu,2021-09,2021,9,35,24.3,21.2,58.6
Kiambu,2021-10,2021,10,70,233.3,19.5,84.5
Kiambu,2021-11,2021,11,58,236.1,21.8,85.9
Kiambu,2021-12,2021,12,62,118.5,19.9,74.1
Kiambu,2022-01,2022,1,39,41.5,22.8,69.5
Kiambu,2022-02,2022,2,28,25.6,23.8,51.0
Kiambu,2022-03,2022,3,100,154.4,23.9,92.6
Kiambu,2022-04,2022,4,80,342.5,19.6,80.8
Kiambu,2022-05,2022,5,95,209.5,20.3,89.0
Kiambu,2022-06,2022,6,34,40.9,17.0,58.5
Kiambu,2022-07,2022,7,38,49.6,16.3,57.6
Kiambu,2022-08,2022,8,38,50.2,18.0,58.5
Kiambu,2022-09,2022,9,35,40.4,21.9,54.4
Kiambu,2022-10,2022,10,61,193.2,20.2,79.1
Kiambu,2022-11,2022,11,32,153.3,20.1,87.4
Kiambu,2022-12,2022,12,72,199.3,20.9,78.5
Kiambu,2023-01,2023,1,34,47.7,23.9,58.1
Kiambu,2023-02,2023,2,38,18.4,22.6,67.9
Kiambu,2023-03,2023,3,107,203.9,23.8,80.8
Kiambu,2023-04,2023,4,114,151.6,19.7,79.7
Kiambu,2023-05,2023,5,63,229.6,21.0,94.4
Kiambu,2023-06,2023,6,34,29.2,17.6,62.0
Kiambu,2023-07,2023,7,30,45.6,17.2,63.6
Kiambu,2023-08,2023,8,38,24.1,17.6,59.0
Kiambu,2023-09,2023,9,33,37.5,20.7,60.7
Kiambu,2023-10,2023,10,80,111.0,20.8,87.7
Kiambu,2023-11,2023,11,76,243.2,21.2,75.9
Kiambu,2023-12,2023,12,74,221.2,22.0,81.8
Kiambu,2024-01,2024,1,42,41.9,23.7,52.4
Kiambu,2024-02,2024,2,46,53.3,22.8,67.3
Kiambu,2024-03,2024,3,121,253.6,23.8,85.4
Kiambu,2024-04,2024,4,61,168.3,19.2,89.5
Kiambu,2024-05,2024,5,103,278.1,20.6,85.4
Kiambu,2024-06,2024,6,31,47.8,17.1,62.2
Kiambu,2024-07,2024,7,44,24.4,17.4,51.0
Kiambu,2024-08,2024,8,41,26.6,16.9,64.4
Kiambu,2024-09,2024,9,29,45.6,20.4,60.6
Kiambu,2024-10,2024,10,54,130.7,19.7,87.4
Kiambu,2024-11,2024,11,104,202.2,21.5,82.7
Kiambu,2024-12,2024,12,75,145.0,20.4,76.0
Kakamega,2015-01,2015,1,194,21.1,27.4,69.1
Kakamega,2015-02,2015,2,104,12.7,26.1,53.2
Kakamega,2015-03,2015,3,339,297.0,26.3,87.8
Kakamega,2015-04,2015,4,331,173.6,25.0,88.1
Kakamega,2015-05,2015,5,351,252.9,23.8,82.0
Kakamega,2015-06,2015,6,132,56.0,21.0,62.3
Kakamega,2015-07,2015,7,90,46.1,21.4,58.3
Kakamega,2015-08,2015,8,98,18.6,20.1,51.4
Kakamega,2015-09,2015,9,130,38.5,25.2,60.2
Kakamega,2015-10,2015,10,270,141.0,24.0,89.5
Kakamega,2015-11,2015,11,284,142.3,23.2,72.4
Kakamega,2015-12,2015,12,229,234.1,23.6,76.3
Kakamega,2016-01,2016,1,136,55.9,27.6,67.7
Kakamega,2016-02,2016,2,112,26.5,26.7,60.3
Kakamega,2016-03,2016,3,278,346.8,27.3,82.5
Kakamega,2016-04,2016,4,278,294.1,23.1,86.5
Kakamega,2016-05,2016,5,262,322.5,25.3,81.0
Kakamega,2016-06,2016,6,128,37.1,21.9,69.1
Kakamega,2016-07,2016,7,119,16.8,20.0,59.8
Kakamega,2016-08,2016,8,162,16.7,20.4,50.8
Kakamega,2016-09,2016,9,101,20.4,23.1,60.3
Kakamega,2016-10,2016,10,208,135.4,25.7,76.8
Kakamega,2016-11,2016,11,347,108.5,23.8,79.2
Kakamega,2016-12,2016,12,374,226.6,24.9,72.2
Kakamega,2017-01,2017,1,121,12.2,27.8,62.9
Kakamega,2017-02,2017,2,122,54.6,27.6,62.9
Kakamega,2017-03,2017,3,427,235.1,27.8,77.8
Kakamega,2017-04,2017,4,333,173.1,24.5,77.7
Kakamega,2017-05,2017,5,331,246.0,23.6,88.6
Kakamega,2017-06,2017,6,103,13.9,21.9,52.8
Kakamega,2017-07,2017,7,186,21.1,22.0,53.5
Kakamega,2017-08,2017,8,112,46.6,20.4,56.1
Kakamega,2017-09,2017,9,165,31.5,23.6,53.0
Kakamega,2017-10,2017,10,256,155.4,25.0,85.9
Kakamega,2017-11,2017,11,206,174.8,23.2,86.5
Kakamega,2017-12,2017,12,322,241.0,24.3,80.2
Kakamega,2018-01,2018,1,173,28.6,26.2,60.1
Kakamega,2018-02,2018,2,165,35.8,26.8,66.7
Kakamega,2018-03,2018,3,427,175.9,27.5,92.8
Kakamega,2018-04,2018,4,248,265.7,24.3,86.1
Kakamega,2018-05,2018,5,402,175.8,23.2,91.3
Kakamega,2018-06,2018,6,71,46.6,21.7,50.5
Kakamega,2018-07,2018,7,120,46.9,21.5,54.5
Kakamega,2018-08,2018,8,150,37.5,20.3,51.2
Kakamega,2018-09,2018,9,113,18.2,23.2,54.3
Kakamega,2018-10,2018,10,284,246.8,24.7,78.7
Kakamega,2018-11,2018,11,258,232.0,25.3,81.5
Kakamega,2018-12,2018,12,201,198.2,24.8,85.1
Kakamega,2019-01,2019,1,179,48.5,27.5,54.8
Kakamega,2019-02,2019,2,125,59.6,27.9,68.5
Kakamega,2019-03,2019,3,355,154.2,26.6,84.7
Kakamega,2019-04,2019,4,330,348.4,23.8,91.9
Kakamega,2019-05,2019,5,457,268.3,25.6,89.0
Kakamega,2019-06,2019,6,143,49.5,20.6,50.4
Kakamega,2019-07,2019,7,127,36.4,22.0,67.3
Kakamega,2019-08,2019,8,112,55.6,20.4,68.5
Kakamega,2019-09,2019,9,151,37.1,25.0,51.9
Kakamega,2019-10,2019,10,332,178.1,25.7,74.9
Kakamega,2019-11,2019,11,265,123.0,24.4,78.4
Kakamega,2019-12,2019,12,331,139.1,25.2,88.1
Kakamega,2020-01,2020,1,160,44.5,26.2,63.5
Kakamega,2020-02,2020,2,147,51.6,26.4,69.3
Kakamega,2020-03,2020,3,300,272.7,26.9,92.7
Kakamega,2020-04,2020,4,401,192.2,25.7,78.2
Kakamega,2020-05,2020,5,317,216.7,25.9,81.6
Kakamega,2020-06,2020,6,155,39.1,20.5,62.0
Kakamega,2020-07,2020,7,103,30.8,22.0,58.8
Kakamega,2020-08,2020,8,153,21.5,22.0,62.8
Kakamega,2020-09,2020,9,95,14.5,25.9,57.7
Kakamega,2020-10,2020,10,302,249.5,25.5,81.5
Kakamega,2020-11,2020,11,231,127.1,24.7,76.5
Kakamega,2020-12,2020,12,361,248.7,23.5,70.2
Kakamega,2021-01,2021,1,199,11.2,27.4,66.8
Kakamega,2021-02,2021,2,151,17.9,26.7,55.4
Kakamega,2021-03,2021,3,360,333.2,27.6,89.9
Kakamega,2021-04,2021,4,359,161.8,23.2,91.7
Kakamega,2021-05,2021,5,306,223.3,24.3,82.5
Kakamega,2021-06,2021,6,197,14.2,21.7,55.5
Kakamega,2021-07,2021,7,116,11.8,21.6,51.9
Kakamega,2021-08,2021,8,137,10.6,21.3,53.5
Kakamega,2021-09,2021,9,122,59.9,24.0,55.2
Kakamega,2021-10,2021,10,359,221.6,25.7,85.9
Kakamega,2021-11,2021,11,330,191.9,25.5,89.8
Kakamega,2021-12,2021,12,259,237.7,23.5,75.4
Kakamega,2022-01,2022,1,172,48.3,27.3,51.5
Kakamega,2022-02,2022,2,116,58.5,26.1,50.2
Kakamega,2022-03,2022,3,413,168.0,26.2,94.0
Kakamega,2022-04,2022,4,459,179.8,23.5,87.7
Kakamega,2022-05,2022,5,315,261.1,23.6,88.7
Kakamega,2022-06,2022,6,166,31.4,21.9,51.8
Kakamega,2022-07,2022,7,148,45.8,21.0,66.8
Kakamega,2022-08,2022,8,137,13.7,21.0,62.5
Kakamega,2022-09,2022,9,147,22.8,25.3,52.1
Kakamega,2022-10,2022,10,254,200.2,24.2,75.5
Kakamega,2022-11,2022,11,380,180.8,24.9,87.9
Kakamega,2022-12,2022,12,341,197.5,23.6,76.8
Kakamega,2023-01,2023,1,137,37.2,27.6,55.0
Kakamega,2023-02,2023,2,137,37.9,27.0,59.3
Kakamega,2023-03,2023,3,453,211.1,27.1,84.6
Kakamega,2023-04,2023,4,509,159.7,24.2,92.6
Kakamega,2023-05,2023,5,383,300.4,23.3,86.5
Kakamega,2023-06,2023,6,114,30.1,20.5,55.6
Kakamega,2023-07,2023,7,127,51.3,20.4,56.2
Kakamega,2023-08,2023,8,147,38.4,21.4,57.0
Kakamega,2023-09,2023,9,158,35.2,23.6,62.8
Kakamega,2023-10,2023,10,298,117.4,25.0,86.9
Kakamega,2023-11,2023,11,317,152.6,23.5,81.8
Kakamega,2023-12,2023,12,262,233.6,23.3,89.6
Kakamega,2024-01,2024,1,144,45.2,27.1,52.4
Kakamega,2024-02,2024,2,226,14.6,27.4,69.4
Kakamega,2024-03,2024,3,407,241.2,27.0,77.5
Kakamega,2024-04,2024,4,388,327.9,24.8,76.0
Kakamega,2024-05,2024,5,456,226.0,24.3,82.1
Kakamega,2024-06,2024,6,116,43.6,20.9,51.1
Kakamega,2024-07,2024,7,158,13.8,20.2,65.4
Kakamega,2024-08,2024,8,169,46.9,20.2,54.6
Kakamega,2024-09,2024,9,130,21.5,24.1,53.0
Kakamega,2024-10,2024,10,294,153.8,24.8,80.9
Kakamega,2024-11,2024,11,273,128.9,25.9,81.1
Kakamega,2024-12,2024,12,359,233.7,23.3,74.6
Uasin Gishu,2015-01,2015,1,34,12.3,23.4,51.8
Uasin Gishu,2015-02,2015,2,21,45.0,22.6,63.4
Uasin Gishu,2015-03,2015,3,97,341.7,23.0,93.8
Uasin Gishu,2015-04,2015,4,87,158.6,21.4,80.4
Uasin Gishu,2015-05,2015,5,59,181.4,20.8,92.5
Uasin Gishu,2015-06,2015,6,20,58.1,17.9,65.5
Uasin Gishu,2015-07,2015,7,23,34.9,17.3,60.9
Uasin Gishu,2015-08,2015,8,28,27.8,17.4,65.2
Uasin Gishu,2015-09,2015,9,32,35.0,20.0,69.4
Uasin Gishu,2015-10,2015,10,74,190.3,20.0,86.2
Uasin Gishu,2015-11,2015,11,80,233.4,19.8,80.8
Uasin Gishu,2015-12,2015,12,66,188.4,19.4,85.6
Uasin Gishu,2016-01,2016,1,31,39.5,23.4,51.1
Uasin Gishu,2016-02,2016,2,44,24.5,22.7,57.2
Uasin Gishu,2016-03,2016,3,70,214.4,22.2,78.1
Uasin Gishu,2016-04,2016,4,92,315.3,19.5,81.1
Uasin Gishu,2016-05,2016,5,69,324.4,21.8,94.3
Uasin Gishu,2016-06,2016,6,35,24.6,16.7,52.7
Uasin Gishu,2016-07,2016,7,24,19.8,16.5,58.4
Uasin Gishu,2016-08,2016,8,36,49.6,17.6,63.8
Uasin Gishu,2016-09,2016,9,33,31.2,20.3,53.0
Uasin Gishu,2016-10,2016,10,69,146.4,21.8,77.2
Uasin Gishu,2016-11,2016,11,69,123.1,20.1,88.3
Uasin Gishu,2016-12,2016,12,64,118.3,20.9,82.9
Uasin Gishu,2017-01,2017,1,25,34.8,22.4,69.5
Uasin Gishu,2017-02,2017,2,23,53.5,22.4,60.5
Uasin Gishu,2017-03,2017,3,59,256.9,23.2,80.4
Uasin Gishu,2017-04,2017,4,79,329.5,19.6,75.2
Uasin Gishu,2017-05,2017,5,74,316.9,21.6,78.5
Uasin Gishu,2017-06,2017,6,33,54.4,16.4,69.5
Uasin Gishu,2017-07,2017,7,15,52.8,17.7,53.7
Uasin Gishu,2017-08,2017,8,32,42.5,16.6,54.4
Uasin Gishu,2017-09,2017,9,24,30.1,21.1,51.9
Uasin Gishu,2017-10,2017,10,53,201.2,19.6,89.6
Uasin Gishu,2017-11,2017,11,80,223.9,20.4,86.7
Uasin Gishu,2017-12,2017,12,70,147.1,20.5,86.4
Uasin Gishu,2018-01,2018,1,28,48.5,22.8,56.6
Uasin Gishu,2018-02,2018,2,31,13.3,22.6,58.2
Uasin Gishu,2018-03,2018,3,91,327.7,22.1,80.2
Uasin Gishu,2018-04,2018,4,75,302.9,21.4,89.3
Uasin Gishu,2018-05,2018,5,96,301.2,19.9,81.0
Uasin Gishu,2018-06,2018,6,29,35.5,16.5,55.1
Uasin Gishu,2018-07,2018,7,32,31.5,17.4,50.1
Uasin Gishu,2018-08,2018,8,25,51.0,16.5,67.6
Uasin Gishu,2018-09,2018,9,34,43.2,19.4,51.8
Uasin Gishu,2018-10,2018,10,70,172.1,21.2,74.5
Uasin Gishu,2018-11,2018,11,88,211.8,20.2,85.0
Uasin Gishu,2018-12,2018,12,72,108.5,21.5,74.7
Uasin Gishu,2019-01,2019,1,32,22.4,24.0,57.4
Uasin Gishu,2019-02,2019,2,22,43.4,23.9,53.3
Uasin Gishu,2019-03,2019,3,79,317.7,23.1,79.0
Uasin Gishu,2019-04,2019,4,88,247.7,20.0,80.6
Uasin Gishu,2019-05,2019,5,77,196.5,20.0,79.8
Uasin Gishu,2019-06,2019,6,34,50.7,16.0,56.2
Uasin Gishu,2019-07,2019,7,30,58.2,17.5,58.7
Uasin Gishu,2019-08,2019,8,25,36.6,16.7,63.6
Uasin Gishu,2019-09,2019,9,39,18.0,20.2,60.8
Uasin Gishu,2019-10,2019,10,73,154.8,20.8,88.9
Uasin Gishu,2019-11,2019,11,98,129.7,21.1,81.4
Uasin Gishu,2019-12,2019,12,73,172.5,21.2,86.7
Uasin Gishu,2020-01,2020,1,28,13.4,23.7,56.2
Uasin Gishu,2020-02,2020,2,31,13.7,23.1,51.0
Uasin Gishu,2020-03,2020,3,74,345.9,22.6,92.2
Uasin Gishu,2020-04,2020,4,80,300.4,20.6,87.2
Uasin Gishu,2020-05,2020,5,90,167.8,20.3,91.1
Uasin Gishu,2020-06,2020,6,36,29.4,16.1,69.6
Uasin Gishu,2020-07,2020,7,36,30.5,16.9,62.7
Uasin Gishu,2020-08,2020,8,43,23.5,17.8,58.0
Uasin Gishu,2020-09,2020,9,28,44.4,19.9,51.6
Uasin Gishu,2020-10,2020,10,80,205.7,19.7,71.9
Uasin Gishu,2020-11,2020,11,57,130.7,19.0,80.7
Uasin Gishu,2020-12,2020,12,90,156.5,19.3,83.4
Uasin Gishu,2021-01,2021,1,25,55.5,22.7,64.4
Uasin Gishu,2021-02,2021,2,30,40.8,22.2,58.7
Uasin Gishu,2021-03,2021,3,107,159.7,23.6,78.5
Uasin Gishu,2021-04,2021,4,73,198.7,19.2,77.4
Uasin Gishu,2021-05,2021,5,64,322.2,21.4,76.0
Uasin Gishu,2021-06,2021,6,25,55.2,16.6,64.4
Uasin Gishu,2021-07,2021,7,34,19.3,17.3,69.7
Uasin Gishu,2021-08,2021,8,33,58.4,17.5,67.4
Uasin Gishu,2021-09,2021,9,37,50.2,20.5,55.9
Uasin Gishu,2021-10,2021,10,67,213.7,19.8,89.4
Uasin Gishu,2021-11,2021,11,59,220.4,21.3,85.0
Uasin Gishu,2021-12,2021,12,54,170.6,20.2,75.4
Uasin Gishu,2022-01,2022,1,31,22.3,23.5,62.2
Uasin Gishu,2022-02,2022,2,34,19.7,23.9,50.5
Uasin Gishu,2022-03,2022,3,62,322.0,22.5,83.3
Uasin Gishu,2022-04,2022,4,114,234.2,19.8,93.7
Uasin Gishu,2022-05,2022,5,83,191.1,19.7,76.0
Uasin Gishu,2022-06,2022,6,27,25.3,16.5,50.8
Uasin Gishu,2022-07,2022,7,35,48.0,17.7,50.6
Uasin Gishu,2022-08,2022,8,30,56.0,16.9,66.3
Uasin Gishu,2022-09,2022,9,33,55.9,20.1,50.9
Uasin Gishu,2022-10,2022,10,68,139.3,20.2,73.6
Uasin Gishu,2022-11,2022,11,56,136.5,19.2,71.0
Uasin Gishu,2022-12,2022,12,66,101.1,21.3,77.9
Uasin Gishu,2023-01,2023,1,37,24.9,23.3,63.0
Uasin Gishu,2023-02,2023,2,32,54.1,23.5,52.8
Uasin Gishu,2023-03,2023,3,93,202.9,22.6,93.9
Uasin Gishu,2023-04,2023,4,63,330.2,20.3,94.6
Uasin Gishu,2023-05,2023,5,58,221.5,19.6,94.9
Uasin Gishu,2023-06,2023,6,25,11.0,17.2,50.0
Uasin Gishu,2023-07,2023,7,30,22.8,17.1,51.7
Uasin Gishu,2023-08,2023,8,27,24.0,17.3,66.6
Uasin Gishu,2023-09,2023,9,12,31.4,20.8,58.2
Uasin Gishu,2023-10,2023,10,77,208.2,21.2,78.9
Uasin Gishu,2023-11,2023,11,90,140.1,21.5,80.7
Uasin Gishu,2023-12,2023,12,70,122.8,20.1,71.6
Uasin Gishu,2024-01,2024,1,24,12.5,23.1,69.9
Uasin Gishu,2024-02,2024,2,28,22.5,22.7,51.6
Uasin Gishu,2024-03,2024,3,52,334.0,22.6,94.3
Uasin Gishu,2024-04,2024,4,89,317.6,21.0,82.0
Uasin Gishu,2024-05,2024,5,83,300.1,20.7,79.3
Uasin Gishu,2024-06,2024,6,25,57.8,16.0,65.0
Uasin Gishu,2024-07,2024,7,28,43.2,16.5,55.9
Uasin Gishu,2024-08,2024,8,30,17.9,16.8,67.2
Uasin Gishu,2024-09,2024,9,36,36.5,21.5,56.1
Uasin Gishu,2024-10,2024,10,65,208.0,19.5,87.7
Uasin Gishu,2024-11,2024,11,81,113.0,20.4,86.2
Uasin Gishu,2024-12,2024,12,55,121.2,20.6,70.0
Meru,2015-01,2015,1,34,40.9,23.9,67.4
Meru,2015-02,2015,2,29,18.2,22.8,69.4
Meru,2015-03,2015,3,180,288.9,23.0,92.8
Meru,2015-04,2015,4,135,326.2,19.7,88.7
Meru,2015-05,2015,5,106,258.6,20.6,85.0
Meru,2015-06,2015,6,49,53.1,17.2,61.8
Meru,2015-07,2015,7,46,13.6,16.4,68.7
Meru,2015-08,2015,8,62,57.5,17.8,52.0
Meru,2015-09,2015,9,57,55.7,21.2,67.8
Meru,2015-10,2015,10,131,109.2,21.5,70.1
Meru,2015-11,2015,11,141,222.5,21.8,84.6
Meru,2015-12,2015,12,105,122.2,20.0,71.5
Meru,2016-01,2016,1,59,46.9,23.9,50.2
Meru,2016-02,2016,2,50,19.0,22.7,53.1
Meru,2016-03,2016,3,134,215.3,23.8,92.6
Meru,2016-04,2016,4,69,252.7,19.5,91.4
Meru,2016-05,2016,5,99,198.8,21.5,78.9
Meru,2016-06,2016,6,65,23.4,16.8,54.3
Meru,2016-07,2016,7,75,43.9,17.6,61.0
Meru,2016-08,2016,8,46,53.4,17.3,55.5
Meru,2016-09,2016,9,46,54.5,19.6,68.3
Meru,2016-10,2016,10,102,210.2,19.5,82.9
Meru,2016-11,2016,11,117,186.6,21.9,83.3
Meru,2016-12,2016,12,103,155.1,20.1,83.0
Meru,2017-01,2017,1,60,53.3,23.6,64.5
Meru,2017-02,2017,2,54,13.8,22.4,50.6
Meru,2017-03,2017,3,170,253.6,24.0,82.2
Meru,2017-04,2017,4,132,181.6,20.0,82.3
Meru,2017-05,2017,5,120,216.4,19.4,84.5
Meru,2017-06,2017,6,58,29.5,16.6,54.5
Meru,2017-07,2017,7,65,38.6,17.5,69.7
Meru,2017-08,2017,8,66,25.3,16.7,67.7
Meru,2017-09,2017,9,31,16.6,21.9,63.9
Meru,2017-10,2017,10,111,131.8,19.5,82.9
Meru,2017-11,2017,11,76,135.1,21.5,70.9
Meru,2017-12,2017,12,123,233.4,21.3,75.9
Meru,2018-01,2018,1,68,20.1,23.7,54.2
Meru,2018-02,2018,2,75,47.3,23.9,56.6
Meru,2018-03,2018,3,88,285.4,22.2,90.7
Meru,2018-04,2018,4,166,188.1,20.5,75.5
Meru,2018-05,2018,5,110,333.7,19.3,81.0
Meru,2018-06,2018,6,54,11.4,17.0,69.3
Meru,2018-07,2018,7,45,39.7,17.4,68.3
Meru,2018-08,2018,8,40,22.5,17.9,63.8
Meru,2018-09,2018,9,70,16.9,21.8,59.5
Meru,2018-10,2018,10,101,122.3,21.8,80.9
Meru,2018-11,2018,11,106,188.0,19.9,78.3
Meru,2018-12,2018,12,136,234.2,21.8,71.8
Meru,2019-01,2019,1,56,52.9,23.0,66.7
Meru,2019-02,2019,2,27,24.9,22.9,59.6
Meru,2019-03,2019,3,148,335.2,23.5,82.7
Meru,2019-04,2019,4,121,259.4,19.8,89.4
Meru,2019-05,2019,5,156,190.3,20.0,93.5
Meru,2019-06,2019,6,58,52.1,17.2,51.1
Meru,2019-07,2019,7,55,45.2,16.0,52.8
Meru,2019-08,2019,8,59,35.4,16.1,59.9
Meru,2019-09,2019,9,45,19.7,21.6,53.7
Meru,2019-10,2019,10,108,200.6,19.1,84.6
Meru,2019-11,2019,11,111,103.7,21.9,85.8
Meru,2019-12,2019,12,131,106.3,21.4,73.4
Meru,2020-01,2020,1,46,49.6,23.1,55.5
Meru,2020-02,2020,2,48,30.3,22.8,55.7
Meru,2020-03,2020,3,166,301.4,22.9,87.5
Meru,2020-04,2020,4,133,346.2,19.4,80.4
Meru,2020-05,2020,5,143,231.8,19.8,78.7
Meru,2020-06,2020,6,60,10.1,17.5,51.7
Meru,2020-07,2020,7,59,59.7,16.6,58.2
Meru,2020-08,2020,8,59,49.7,16.8,63.6
Meru,2020-09,2020,9,73,18.0,21.5,69.0
Meru,2020-10,2020,10,103,212.9,19.0,79.0
Meru,2020-11,2020,11,138,226.3,19.1,87.8
Meru,2020-12,2020,12,128,168.1,19.1,80.4
Meru,2021-01,2021,1,49,38.6,23.9,52.3
Meru,2021-02,2021,2,64,57.0,22.3,57.7
Meru,2021-03,2021,3,86,152.2,24.0,81.4
Meru,2021-04,2021,4,133,230.6,20.5,88.4
Meru,2021-05,2021,5,104,251.0,21.7,86.8
Meru,2021-06,2021,6,47,43.2,16.2,67.7
Meru,2021-07,2021,7,59,46.2,17.5,51.1
Meru,2021-08,2021,8,54,11.2,16.8,60.3
Meru,2021-09,2021,9,59,35.2,21.7,63.5
Meru,2021-10,2021,10,158,214.3,19.3,73.6
Meru,2021-11,2021,11,118,174.9,19.8,76.8
Meru,2021-12,2021,12,149,139.4,21.9,73.0
Meru,2022-01,2022,1,56,12.2,23.4,55.5
Meru,2022-02,2022,2,36,30.2,23.3,65.6
Meru,2022-03,2022,3,158,341.1,22.2,83.0
Meru,2022-04,2022,4,129,267.8,20.8,92.2
Meru,2022-05,2022,5,148,256.8,20.8,93.0
Meru,2022-06,2022,6,57,54.7,17.2,56.9
Meru,2022-07,2022,7,53,47.6,17.5,61.9
Meru,2022-08,2022,8,58,27.1,16.4,62.0
Meru,2022-09,2022,9,47,37.1,20.9,61.1
Meru,2022-10,2022,10,131,127.4,19.0,75.6
Meru,2022-11,2022,11,131,238.3,21.1,71.6
Meru,2022-12,2022,12,113,220.5,20.9,83.0
Meru,2023-01,2023,1,50,16.8,22.6,67.2
Meru,2023-02,2023,2,67,39.7,22.1,67.6
Meru,2023-03,2023,3,186,206.3,23.8,89.6
Meru,2023-04,2023,4,147,164.2,20.6,94.9
Meru,2023-05,2023,5,151,276.0,20.5,75.1
Meru,2023-06,2023,6,60,58.6,16.4,68.6
Meru,2023-07,2023,7,76,13.7,16.5,69.0
Meru,2023-08,2023,8,51,35.4,16.4,52.7
Meru,2023-09,2023,9,64,20.8,20.4,66.3
Meru,2023-10,2023,10,139,198.5,20.7,84.3
Meru,2023-11,2023,11,103,181.5,20.9,80.2
Meru,2023-12,2023,12,110,210.6,20.1,77.8
Meru,2024-01,2024,1,50,12.3,22.9,56.9
Meru,2024-02,2024,2,41,12.1,23.8,59.6
Meru,2024-03,2024,3,214,342.7,22.1,75.7
Meru,2024-04,2024,4,184,227.7,19.4,76.2
Meru,2024-05,2024,5,176,257.5,21.0,91.4
Meru,2024-06,2024,6,56,29.2,17.4,68.0
Meru,2024-07,2024,7,56,31.6,17.7,53.1
Meru,2024-08,2024,8,83,48.7,17.7,60.2
Meru,2024-09,2024,9,55,12.4,19.5,56.6
Meru,2024-10,2024,10,152,243.0,19.3,78.8
Meru,2024-11,2024,11,95,164.7,20.8,73.3
Meru,2024-12,2024,12,140,192.3,20.3,78.3
Machakos,2015-01,2015,1,38,40.8,26.6,57.3
Machakos,2015-02,2015,2,34,28.2,26.8,64.3
Machakos,2015-03,2015,3,135,255.2,26.9,85.9
Machakos,2015-04,2015,4,131,349.0,24.8,76.2
Machakos,2015-05,2015,5,125,225.9,24.3,91.1
Machakos,2015-06,2015,6,49,41.5,20.5,69.1
Machakos,2015-07,2015,7,46,43.6,20.7,68.7
Machakos,2015-08,2015,8,25,38.6,20.2,52.0
Machakos,2015-09,2015,9,31,21.5,25.4,65.9
Machakos,2015-10,2015,10,81,184.2,25.9,75.3
Machakos,2015-11,2015,11,88,110.7,23.8,82.9
Machakos,2015-12,2015,12,96,173.7,25.4,84.7
Machakos,2016-01,2016,1,36,14.9,26.9,50.5
Machakos,2016-02,2016,2,37,10.4,26.8,61.8
Machakos,2016-03,2016,3,129,187.0,27.0,87.4
Machakos,2016-04,2016,4,85,342.0,24.9,75.2
Machakos,2016-05,2016,5,99,322.8,25.0,85.8
Machakos,2016-06,2016,6,41,19.6,21.1,58.2
Machakos,2016-07,2016,7,39,49.1,21.7,61.1
Machakos,2016-08,2016,8,37,34.3,21.3,55.8
Machakos,2016-09,2016,9,42,16.0,25.2,57.1
Machakos,2016-10,2016,10,90,249.5,24.5,84.4
Machakos,2016-11,2016,11,85,122.7,25.9,89.6
Machakos,2016-12,2016,12,105,158.1,23.0,70.9
Machakos,2017-01,2017,1,32,57.8,27.7,60.1
Machakos,2017-02,2017,2,44,33.2,26.2,50.7
Machakos,2017-03,2017,3,120,252.8,27.3,84.8
Machakos,2017-04,2017,4,95,290.5,23.8,76.8
Machakos,2017-05,2017,5,71,282.8,25.9,93.6
Machakos,2017-06,2017,6,41,59.9,21.8,56.1
Machakos,2017-07,2017,7,39,13.1,20.5,54.3
Machakos,2017-08,2017,8,45,28.0,20.7,52.6
Machakos,2017-09,2017,9,40,27.9,24.8,61.6
Machakos,2017-10,2017,10,108,140.8,25.4,74.6
Machakos,2017-11,2017,11,98,121.4,25.4,81.5
Machakos,2017-12,2017,12,54,224.8,24.3,74.5
Machakos,2018-01,2018,1,38,51.5,27.0,62.6
Machakos,2018-02,2018,2,31,18.2,26.6,63.1
Machakos,2018-03,2018,3,133,295.7,26.6,91.8
Machakos,2018-04,2018,4,126,337.9,26.0,92.7
Machakos,2018-05,2018,5,110,299.9,25.1,78.6
Machakos,2018-06,2018,6,51,41.9,20.4,63.3
Machakos,2018-07,2018,7,40,11.6,21.9,62.7
Machakos,2018-08,2018,8,29,28.5,20.6,59.6
Machakos,2018-09,2018,9,59,59.3,24.0,61.3
Machakos,2018-10,2018,10,81,211.5,23.5,82.9
Machakos,2018-11,2018,11,82,224.2,23.8,80.7
Machakos,2018-12,2018,12,104,123.9,23.2,82.7
Machakos,2019-01,2019,1,53,57.4,27.1,64.0
Machakos,2019-02,2019,2,49,10.3,27.5,64.9
Machakos,2019-03,2019,3,101,341.7,27.9,91.9
Machakos,2019-04,2019,4,106,223.4,24.8,86.5
Machakos,2019-05,2019,5,93,183.3,24.9,87.0
Machakos,2019-06,2019,6,43,43.9,21.4,54.0
Machakos,2019-07,2019,7,56,11.0,21.8,57.3
Machakos,2019-08,2019,8,42,20.4,21.8,60.0
Machakos,2019-09,2019,9,46,42.3,24.5,57.9
Machakos,2019-10,2019,10,89,213.7,24.8,89.6
Machakos,2019-11,2019,11,126,118.9,25.3,71.2
Machakos,2019-12,2019,12,94,101.5,25.7,77.2
Machakos,2020-01,2020,1,31,46.4,27.2,69.3
Machakos,2020-02,2020,2,36,26.8,27.3,50.5
Machakos,2020-03,2020,3,88,278.8,27.4,87.0
Machakos,2020-04,2020,4,99,306.4,23.3,77.3
Machakos,2020-05,2020,5,133,210.9,25.3,76.3
Machakos,2020-06,2020,6,40,15.6,20.6,51.6
Machakos,2020-07,2020,7,40,57.4,21.0,64.7
Machakos,2020-08,2020,8,46,43.2,20.3,68.9
Machakos,2020-09,2020,9,35,14.3,23.1,52.5
Machakos,2020-10,2020,10,80,236.3,23.2,74.6
Machakos,2020-11,2020,11,97,117.2,23.4,75.6
Machakos,2020-12,2020,12,47,121.6,24.1,88.9
Machakos,2021-01,2021,1,40,38.2,27.9,63.2
Machakos,2021-02,2021,2,49,45.6,26.8,61.0
Machakos,2021-03,2021,3,121,194.8,26.4,75.0
Machakos,2021-04,2021,4,99,151.6,23.7,88.9
Machakos,2021-05,2021,5,52,159.1,24.9,77.8
Machakos,2021-06,2021,6,39,14.9,20.9,70.0
Machakos,2021-07,2021,7,58,30.5,21.4,54.5
Machakos,2021-08,2021,8,33,39.8,20.7,61.6
Machakos,2021-09,2021,9,34,15.1,24.3,53.6
Machakos,2021-10,2021,10,114,242.8,23.5,78.8
Machakos,2021-11,2021,11,122,214.4,24.5,81.1
Machakos,2021-12,2021,12,79,179.9,23.3,89.8
Machakos,2022-01,2022,1,43,10.2,27.9,55.6
Machakos,2022-02,2022,2,36,36.1,26.1,59.8
Machakos,2022-03,2022,3,124,342.5,26.5,87.7
Machakos,2022-04,2022,4,114,205.5,24.1,83.7
Machakos,2022-05,2022,5,128,273.6,24.7,80.3
Machakos,2022-06,2022,6,46,26.8,20.8,58.6
Machakos,2022-07,2022,7,58,42.1,20.3,56.5
Machakos,2022-08,2022,8,46,44.6,20.9,53.4
Machakos,2022-09,2022,9,30,32.3,24.5,55.4
Machakos,2022-10,2022,10,100,131.9,25.5,76.1
Machakos,2022-11,2022,11,56,230.3,24.9,76.7
Machakos,2022-12,2022,12,97,186.6,23.3,88.4
Machakos,2023-01,2023,1,61,19.2,26.0,56.9
Machakos,2023-02,2023,2,40,30.3,26.0,64.0
Machakos,2023-03,2023,3,118,167.5,26.9,80.5
Machakos,2023-04,2023,4,137,174.1,24.4,79.5
Machakos,2023-05,2023,5,139,272.8,24.7,88.7
Machakos,2023-06,2023,6,41,33.4,20.2,56.0
Machakos,2023-07,2023,7,49,21.0,20.3,50.7
Machakos,2023-08,2023,8,27,47.5,20.9,51.0
Machakos,2023-09,2023,9,33,42.5,24.8,63.2
Machakos,2023-10,2023,10,110,189.3,25.3,81.7
Machakos,2023-11,2023,11,116,234.2,23.0,77.5
Machakos,2023-12,2023,12,123,197.7,25.7,89.1
Machakos,2024-01,2024,1,69,32.4,26.9,59.1
Machakos,2024-02,2024,2,42,23.6,26.8,69.0
Machakos,2024-03,2024,3,106,249.9,26.6,87.1
Machakos,2024-04,2024,4,122,184.1,23.7,92.4
Machakos,2024-05,2024,5,111,151.8,23.9,78.2
Machakos,2024-06,2024,6,53,42.4,21.1,51.6
Machakos,2024-07,2024,7,32,21.8,20.9,64.5
Machakos,2024-08,2024,8,42,50.1,21.0,63.4
Machakos,2024-09,2024,9,37,29.0,23.9,54.2
Machakos,2024-10,2024,10,135,109.0,24.6,85.9
Machakos,2024-11,2024,11,97,208.2,23.9,71.0
Machakos,2024-12,2024,12,137,111.2,24.5,77.8
Kilifi,2015-01,2015,1,85,36.8,31.0,55.5
Kilifi,2015-02,2015,2,138,10.3,31.4,68.6
Kilifi,2015-03,2015,3,193,224.4,31.0,94.6
Kilifi,2015-04,2015,4,235,222.2,28.9,81.0
Kilifi,2015-05,2015,5,307,231.1,28.7,77.9
Kilifi,2015-06,2015,6,82,12.5,24.0,60.3
Kilifi,2015-07,2015,7,105,29.9,25.7,59.6
Kilifi,2015-08,2015,8,128,26.5,24.5,68.2
Kilifi,2015-09,2015,9,132,33.5,29.7,59.1
Kilifi,2015-10,2015,10,156,121.6,29.7,80.9
Kilifi,2015-11,2015,11,282,226.7,29.7,73.6
Kilifi,2015-12,2015,12,181,153.6,28.3,77.3
Kilifi,2016-01,2016,1,141,48.5,30.9,55.6
Kilifi,2016-02,2016,2,126,57.3,31.9,57.1
Kilifi,2016-03,2016,3,350,348.7,30.4,92.1
Kilifi,2016-04,2016,4,301,217.2,29.0,82.7
Kilifi,2016-05,2016,5,237,154.3,27.8,88.9
Kilifi,2016-06,2016,6,119,49.6,24.3,61.7
Kilifi,2016-07,2016,7,129,39.9,25.1,60.4
Kilifi,2016-08,2016,8,88,33.4,25.7,52.2
Kilifi,2016-09,2016,9,148,51.1,29.5,60.4
Kilifi,2016-10,2016,10,176,216.1,29.8,80.8
Kilifi,2016-11,2016,11,239,161.3,27.0,72.8
Kilifi,2016-12,2016,12,211,244.5,28.1,81.5
Kilifi,2017-01,2017,1,83,53.8,31.5,58.1
Kilifi,2017-02,2017,2,65,58.5,31.5,52.9
Kilifi,2017-03,2017,3,342,325.6,30.4,87.5
Kilifi,2017-04,2017,4,264,227.3,27.6,84.8
Kilifi,2017-05,2017,5,259,151.8,28.4,92.6
Kilifi,2017-06,2017,6,117,39.9,24.3,56.4
Kilifi,2017-07,2017,7,120,15.0,25.5,58.3
Kilifi,2017-08,2017,8,155,59.9,25.7,59.8
Kilifi,2017-09,2017,9,98,28.5,28.6,61.9
Kilifi,2017-10,2017,10,216,107.7,27.3,72.2
Kilifi,2017-11,2017,11,134,149.0,28.3,81.7
Kilifi,2017-12,2017,12,269,222.1,28.1,85.9
Kilifi,2018-01,2018,1,142,42.3,31.6,68.8
Kilifi,2018-02,2018,2,107,48.1,30.4,51.7
Kilifi,2018-03,2018,3,324,284.2,31.3,85.9
Kilifi,2018-04,2018,4,381,238.5,28.6,92.4
Kilifi,2018-05,2018,5,289,188.2,27.2,88.6
Kilifi,2018-06,2018,6,72,30.8,24.4,50.4
Kilifi,2018-07,2018,7,128,40.9,25.5,56.9
Kilifi,2018-08,2018,8,167,51.1,25.6,66.9
Kilifi,2018-09,2018,9,124,13.0,27.3,65.6
Kilifi,2018-10,2018,10,250,116.6,29.1,89.4
Kilifi,2018-11,2018,11,242,145.2,27.6,80.8
Kilifi,2018-12,2018,12,343,201.2,27.5,87.7
Kilifi,2019-01,2019,1,146,10.5,30.8,68.3
Kilifi,2019-02,2019,2,112,15.6,31.4,62.0
Kilifi,2019-03,2019,3,260,197.8,31.5,86.6
Kilifi,2019-04,2019,4,255,313.0,29.8,82.7
Kilifi,2019-05,2019,5,321,239.5,28.3,88.5
Kilifi,2019-06,2019,6,78,53.2,25.8,63.0
Kilifi,2019-07,2019,7,125,17.5,24.4,61.7
Kilifi,2019-08,2019,8,114,39.5,25.1,57.1
Kilifi,2019-09,2019,9,108,29.7,29.6,58.7
Kilifi,2019-10,2019,10,273,199.7,29.1,79.4
Kilifi,2019-11,2019,11,266,161.4,28.4,80.4
Kilifi,2019-12,2019,12,199,191.3,29.8,89.5
Kilifi,2020-01,2020,1,97,42.3,31.7,67.2
Kilifi,2020-02,2020,2,103,40.6,30.6,52.1
Kilifi,2020-03,2020,3,337,194.5,30.2,93.6
Kilifi,2020-04,2020,4,324,297.3,29.9,93.0
Kilifi,2020-05,2020,5,344,320.1,29.2,80.4
Kilifi,2020-06,2020,6,87,23.2,25.2,68.6
Kilifi,2020-07,2020,7,170,57.7,25.4,59.6
Kilifi,2020-08,2020,8,145,26.0,24.8,66.5
Kilifi,2020-09,2020,9,131,48.1,29.7,61.1
Kilifi,2020-10,2020,10,159,242.4,27.3,83.9
Kilifi,2020-11,2020,11,209,231.5,28.4,89.6
Kilifi,2020-12,2020,12,266,134.8,28.8,89.8
Kilifi,2021-01,2021,1,142,60.0,31.3,65.1
Kilifi,2021-02,2021,2,103,45.0,30.1,65.2
Kilifi,2021-03,2021,3,291,260.6,32.0,88.3
Kilifi,2021-04,2021,4,281,168.9,28.1,81.9
Kilifi,2021-05,2021,5,281,310.3,27.3,84.8
Kilifi,2021-06,2021,6,134,12.7,25.3,57.9
Kilifi,2021-07,2021,7,124,35.8,25.0,58.4
Kilifi,2021-08,2021,8,133,27.8,24.8,58.8
Kilifi,2021-09,2021,9,97,13.5,27.7,62.5
Kilifi,2021-10,2021,10,334,163.2,30.0,71.2
Kilifi,2021-11,2021,11,183,241.2,29.2,86.5
Kilifi,2021-12,2021,12,223,116.5,29.7,87.1
Kilifi,2022-01,2022,1,129,18.0,31.3,57.1
Kilifi,2022-02,2022,2,116,59.8,30.5,69.1
Kilifi,2022-03,2022,3,193,318.3,30.3,83.5
Kilifi,2022-04,2022,4,270,279.5,29.4,86.9
Kilifi,2022-05,2022,5,253,292.4,28.4,92.3
Kilifi,2022-06,2022,6,115,15.8,25.2,62.9
Kilifi,2022-07,2022,7,90,29.5,25.4,64.5
Kilifi,2022-08,2022,8,133,27.1,25.3,53.7
Kilifi,2022-09,2022,9,110,29.8,27.4,61.2
Kilifi,2022-10,2022,10,287,118.4,29.5,79.3
Kilifi,2022-11,2022,11,328,122.7,29.1,74.8
Kilifi,2022-12,2022,12,246,242.2,27.4,75.4
Kilifi,2023-01,2023,1,129,29.8,31.3,59.3
Kilifi,2023-02,2023,2,128,29.8,30.2,54.8
Kilifi,2023-03,2023,3,330,273.8,30.9,84.7
Kilifi,2023-04,2023,4,328,338.5,30.0,77.6
Kilifi,2023-05,2023,5,260,258.6,28.7,78.2
Kilifi,2023-06,2023,6,97,53.7,25.3,50.5
Kilifi,2023-07,2023,7,135,52.3,25.2,64.2
Kilifi,2023-08,2023,8,96,38.8,25.5,56.2
Kilifi,2023-09,2023,9,67,33.8,29.6,66.8
Kilifi,2023-10,2023,10,251,162.5,29.8,76.3
Kilifi,2023-11,2023,11,228,163.1,29.4,71.0
Kilifi,2023-12,2023,12,310,188.6,29.1,70.1
Kilifi,2024-01,2024,1,135,43.0,30.9,58.2
Kilifi,2024-02,2024,2,132,15.0,31.9,69.1
Kilifi,2024-03,2024,3,315,160.2,30.3,84.1
Kilifi,2024-04,2024,4,410,294.2,29.2,87.5
Kilifi,2024-05,2024,5,232,192.6,28.7,89.4
Kilifi,2024-06,2024,6,159,31.7,24.8,61.0
Kilifi,2024-07,2024,7,126,19.4,24.0,54.7
Kilifi,2024-08,2024,8,121,31.0,26.0,62.6
Kilifi,2024-09,2024,9,120,14.7,28.1,69.7
Kilifi,2024-10,2024,10,336,116.5,27.5,70.1
Kilifi,2024-11,2024,11,266,211.8,29.0,80.7
Kilifi,2024-12,2024,12,267,139.2,28.6,87.2
Kwale,2015-01,2015,1,124,27.0,30.5,60.9
Kwale,2015-02,2015,2,95,46.2,31.5,57.8
Kwale,2015-03,2015,3,269,196.5,30.0,79.8
Kwale,2015-04,2015,4,223,201.4,29.7,94.3
Kwale,2015-05,2015,5,184,189.6,27.5,88.8
Kwale,2015-06,2015,6,83,27.0,25.5,66.5
Kwale,2015-07,2015,7,97,51.9,25.3,68.4
Kwale,2015-08,2015,8,125,27.5,25.6,51.1
Kwale,2015-09,2015,9,106,30.6,29.4,57.2
Kwale,2015-10,2015,10,257,125.2,29.5,76.9
Kwale,2015-11,2015,11,197,118.1,28.4,81.1
Kwale,2015-12,2015,12,202,152.8,27.4,88.5
Kwale,2016-01,2016,1,114,29.5,30.5,69.0
Kwale,2016-02,2016,2,96,23.9,30.0,51.3
Kwale,2016-03,2016,3,230,286.5,30.9,78.5
Kwale,2016-04,2016,4,239,270.5,29.9,83.9
Kwale,2016-05,2016,5,280,314.0,29.3,82.8
Kwale,2016-06,2016,6,105,28.7,25.6,50.3
Kwale,2016-07,2016,7,90,19.3,25.6,69.3
Kwale,2016-08,2016,8,92,14.9,25.5,53.4
Kwale,2016-09,2016,9,86,43.7,28.5,52.7
Kwale,2016-10,2016,10,229,118.9,29.1,86.3
Kwale,2016-11,2016,11,217,127.1,29.9,78.9
Kwale,2016-12,2016,12,191,137.6,28.0,79.9
Kwale,2017-01,2017,1,85,58.3,31.7,58.4
Kwale,2017-02,2017,2,99,37.3,30.3,56.6
Kwale,2017-03,2017,3,263,300.1,31.7,92.7
Kwale,2017-04,2017,4,242,240.3,27.7,91.5
Kwale,2017-05,2017,5,190,285.3,27.1,89.5
Kwale,2017-06,2017,6,117,39.9,24.6,66.3
Kwale,2017-07,2017,7,123,30.4,25.3,56.6
Kwale,2017-08,2017,8,125,16.5,24.9,58.9
Kwale,2017-09,2017,9,115,10.1,28.5,68.6
Kwale,2017-10,2017,10,227,157.8,29.8,70.0
Kwale,2017-11,2017,11,249,225.6,27.7,83.7
Kwale,2017-12,2017,12,116,166.4,29.4,76.9
Kwale,2018-01,2018,1,71,48.5,30.2,52.1
Kwale,2018-02,2018,2,87,45.8,31.2,54.6
Kwale,2018-03,2018,3,326,305.3,31.5,92.1
Kwale,2018-04,2018,4,304,175.5,29.6,75.5
Kwale,2018-05,2018,5,354,151.3,27.7,87.1
Kwale,2018-06,2018,6,97,40.1,24.0,53.5
Kwale,2018-07,2018,7,89,12.3,25.1,55.2
Kwale,2018-08,2018,8,127,46.3,26.0,63.5
Kwale,2018-09,2018,9,86,27.1,28.5,54.4
Kwale,2018-10,2018,10,148,116.1,27.1,89.6
Kwale,2018-11,2018,11,194,183.9,28.6,71.9
Kwale,2018-12,2018,12,220,138.7,27.8,73.9
Kwale,2019-01,2019,1,65,54.5,30.8,55.2
Kwale,2019-02,2019,2,81,44.2,30.1,65.9
Kwale,2019-03,2019,3,328,185.4,30.3,77.4
Kwale,2019-04,2019,4,407,220.2,29.0,86.8
Kwale,2019-05,2019,5,192,263.6,28.4,87.0
Kwale,2019-06,2019,6,126,54.7,24.5,68.7
Kwale,2019-07,2019,7,86,17.8,25.0,56.7
Kwale,2019-08,2019,8,96,28.3,24.5,53.6
Kwale,2019-09,2019,9,99,17.6,28.5,66.9
Kwale,2019-10,2019,10,162,172.9,28.7,82.8
Kwale,2019-11,2019,11,262,177.3,29.8,78.7
Kwale,2019-12,2019,12,260,145.5,28.0,88.8
Kwale,2020-01,2020,1,99,48.2,30.7,54.2
Kwale,2020-02,2020,2,113,32.9,30.5,66.1
Kwale,2020-03,2020,3,185,264.7,31.8,80.2
Kwale,2020-04,2020,4,167,158.5,27.7,76.8
Kwale,2020-05,2020,5,176,188.3,27.0,79.2
Kwale,2020-06,2020,6,100,46.5,25.9,62.2
Kwale,2020-07,2020,7,75,57.6,24.9,53.5
Kwale,2020-08,2020,8,142,47.9,25.0,66.5
Kwale,2020-09,2020,9,38,48.4,28.8,56.9
Kwale,2020-10,2020,10,190,153.5,28.7,79.2
Kwale,2020-11,2020,11,184,239.6,29.0,74.2
Kwale,2020-12,2020,12,277,105.1,29.1,73.0
Kwale,2021-01,2021,1,89,52.9,30.0,55.7
Kwale,2021-02,2021,2,123,17.6,31.0,59.0
Kwale,2021-03,2021,3,256,255.0,30.2,91.4
Kwale,2021-04,2021,4,279,332.5,28.8,75.2
Kwale,2021-05,2021,5,272,154.4,29.6,75.9
Kwale,2021-06,2021,6,75,22.4,24.3,66.7
Kwale,2021-07,2021,7,79,13.7,25.2,60.6
Kwale,2021-08,2021,8,65,17.6,25.1,68.0
Kwale,2021-09,2021,9,98,24.7,29.6,50.7
Kwale,2021-10,2021,10,309,110.6,27.6,74.6
Kwale,2021-11,2021,11,210,184.6,29.6,87.5
Kwale,2021-12,2021,12,243,239.1,29.4,88.3
Kwale,2022-01,2022,1,104,21.5,31.9,62.2
Kwale,2022-02,2022,2,107,59.4,31.5,62.3
Kwale,2022-03,2022,3,304,257.0,31.5,85.3
Kwale,2022-04,2022,4,253,235.4,27.7,86.8
Kwale,2022-05,2022,5,399,157.5,27.5,86.0
Kwale,2022-06,2022,6,97,42.2,25.2,69.3
Kwale,2022-07,2022,7,96,48.8,25.2,60.0
Kwale,2022-08,2022,8,105,51.3,24.8,57.6
Kwale,2022-09,2022,9,107,42.9,28.6,58.3
Kwale,2022-10,2022,10,252,148.1,27.6,79.8
Kwale,2022-11,2022,11,221,158.5,28.1,84.2
Kwale,2022-12,2022,12,245,195.2,27.8,85.3
Kwale,2023-01,2023,1,92,28.4,30.3,56.7
Kwale,2023-02,2023,2,101,31.3,31.6,61.6
Kwale,2023-03,2023,3,327,275.2,31.9,93.1
Kwale,2023-04,2023,4,353,214.0,28.5,87.7
Kwale,2023-05,2023,5,324,186.4,29.5,86.7
Kwale,2023-06,2023,6,141,17.2,25.8,63.9
Kwale,2023-07,2023,7,120,46.1,25.3,52.8
Kwale,2023-08,2023,8,94,36.9,25.9,65.9
Kwale,2023-09,2023,9,111,35.8,29.9,55.5
Kwale,2023-10,2023,10,239,134.3,27.3,72.8
Kwale,2023-11,2023,11,218,147.9,29.1,84.8
Kwale,2023-12,2023,12,256,226.0,27.7,79.9
Kwale,2024-01,2024,1,150,50.4,30.5,68.7
Kwale,2024-02,2024,2,105,17.3,30.4,57.3
Kwale,2024-03,2024,3,307,243.9,30.9,78.2
Kwale,2024-04,2024,4,206,296.8,29.6,91.8
Kwale,2024-05,2024,5,244,259.5,28.4,89.0
Kwale,2024-06,2024,6,128,38.1,25.6,54.0
Kwale,2024-07,2024,7,95,38.9,24.4,61.9
Kwale,2024-08,2024,8,136,25.7,25.6,61.7
Kwale,2024-09,2024,9,101,53.8,27.9,55.0
Kwale,2024-10,2024,10,218,128.0,28.2,85.7
Kwale,2024-11,2024,11,194,177.4,28.6,80.9
Kwale,2024-12,2024,12,323,178.5,27.4,83.6
